x-axis,1
second,Volt
+2.97600E+00,-31.25E-03
+2.97700E+00,-62.50E-03
+2.97800E+00,-31.25E-03
+2.97900E+00,-31.25E-03
+2.98000E+00,-93.75E-03
+2.98100E+00,+0.0E+00
+2.98200E+00,+0.0E+00
+2.98300E+00,-31.25E-03
+2.98400E+00,-62.50E-03
+2.98500E+00,+31.25E-03
+2.98600E+00,-31.25E-03
+2.98700E+00,-31.25E-03
+2.98800E+00,-62.50E-03
+2.98900E+00,-31.25E-03
+2.99000E+00,-31.25E-03
+2.99100E+00,-31.25E-03
+2.99200E+00,-31.25E-03
+2.99300E+00,-31.25E-03
+2.99400E+00,-31.25E-03
+2.99500E+00,-31.25E-03
+2.99600E+00,+0.0E+00
+2.99700E+00,-31.25E-03
+2.99800E+00,-31.25E-03
+2.99900E+00,+0.0E+00
+3.00000E+00,-62.50E-03
+3.00100E+00,-62.50E-03
+3.00200E+00,-31.25E-03
+3.00300E+00,-31.25E-03
+3.00400E+00,+0.0E+00
+3.00500E+00,+0.0E+00
+3.00600E+00,-31.25E-03
+3.00700E+00,+0.0E+00
+3.00800E+00,-31.25E-03
+3.00900E+00,+0.0E+00
+3.01000E+00,-31.25E-03
+3.01100E+00,+0.0E+00
+3.01200E+00,-31.25E-03
+3.01300E+00,-62.50E-03
+3.01400E+00,-31.25E-03
+3.01500E+00,-62.50E-03
+3.01600E+00,+0.0E+00
+3.01700E+00,-62.50E-03
+3.01800E+00,-93.75E-03
+3.01900E+00,+0.0E+00
+3.02000E+00,-31.25E-03
+3.02100E+00,-31.25E-03
+3.02200E+00,-31.25E-03
+3.02300E+00,-31.25E-03
+3.02400E+00,-62.50E-03
+3.02500E+00,-31.25E-03
+3.02600E+00,-62.50E-03
+3.02700E+00,-62.50E-03
+3.02800E+00,-62.50E-03
+3.02900E+00,-93.75E-03
+3.03000E+00,-31.25E-03
+3.03100E+00,+0.0E+00
+3.03200E+00,+0.0E+00
+3.03300E+00,-93.75E-03
+3.03400E+00,+0.0E+00
+3.03500E+00,+0.0E+00
+3.03600E+00,+31.25E-03
+3.03700E+00,-93.75E-03
+3.03800E+00,-31.25E-03
+3.03900E+00,+0.0E+00
+3.04000E+00,-31.25E-03
+3.04100E+00,-31.25E-03
+3.04200E+00,+0.0E+00
+3.04300E+00,-62.50E-03
+3.04400E+00,+31.25E-03
+3.04500E+00,-93.75E-03
+3.04600E+00,+62.50E-03
+3.04700E+00,+0.0E+00
+3.04800E+00,+0.0E+00
+3.04900E+00,-31.25E-03
+3.05000E+00,-62.50E-03
+3.05100E+00,+31.25E-03
+3.05200E+00,+0.0E+00
+3.05300E+00,-62.50E-03
+3.05400E+00,-31.25E-03
+3.05500E+00,-62.50E-03
+3.05600E+00,-31.25E-03
+3.05700E+00,-31.25E-03
+3.05800E+00,-62.50E-03
+3.05900E+00,-62.50E-03
+3.06000E+00,+0.0E+00
+3.06100E+00,-62.50E-03
+3.06200E+00,-31.25E-03
+3.06300E+00,-31.25E-03
+3.06400E+00,-62.50E-03
+3.06500E+00,-62.50E-03
+3.06600E+00,-31.25E-03
+3.06700E+00,-93.75E-03
+3.06800E+00,-31.25E-03
+3.06900E+00,-62.50E-03
+3.07000E+00,-31.25E-03
+3.07100E+00,-31.25E-03
+3.07200E+00,+31.25E-03
+3.07300E+00,-31.25E-03
+3.07400E+00,-31.25E-03
+3.07500E+00,-62.50E-03
+3.07600E+00,+0.0E+00
+3.07700E+00,+0.0E+00
+3.07800E+00,+0.0E+00
+3.07900E+00,-62.50E-03
+3.08000E+00,+0.0E+00
+3.08100E+00,-31.25E-03
+3.08200E+00,+0.0E+00
+3.08300E+00,+0.0E+00
+3.08400E+00,-62.50E-03
+3.08500E+00,-31.25E-03
+3.08600E+00,+0.0E+00
+3.08700E+00,+0.0E+00
+3.08800E+00,-62.50E-03
+3.08900E+00,-62.50E-03
+3.09000E+00,-93.75E-03
+3.09100E+00,+0.0E+00
+3.09200E+00,+0.0E+00
+3.09300E+00,-62.50E-03
+3.09400E+00,-31.25E-03
+3.09500E+00,+0.0E+00
+3.09600E+00,-31.25E-03
+3.09700E+00,+31.25E-03
+3.09800E+00,-31.25E-03
+3.09900E+00,-31.25E-03
+3.10000E+00,-62.50E-03
+3.10100E+00,-31.25E-03
+3.10200E+00,+0.0E+00
+3.10300E+00,+0.0E+00
+3.10400E+00,+0.0E+00
+3.10500E+00,+0.0E+00
+3.10600E+00,-62.50E-03
+3.10700E+00,-31.25E-03
+3.10800E+00,-62.50E-03
+3.10900E+00,-31.25E-03
+3.11000E+00,-31.25E-03
+3.11100E+00,-62.50E-03
+3.11200E+00,-93.75E-03
+3.11300E+00,-31.25E-03
+3.11400E+00,-31.25E-03
+3.11500E+00,-31.25E-03
+3.11600E+00,+31.25E-03
+3.11700E+00,-62.50E-03
+3.11800E+00,-62.50E-03
+3.11900E+00,+0.0E+00
+3.12000E+00,-62.50E-03
+3.12100E+00,+31.25E-03
+3.12200E+00,-31.25E-03
+3.12300E+00,-31.25E-03
+3.12400E+00,+0.0E+00
+3.12500E+00,-31.25E-03
+3.12600E+00,+0.0E+00
+3.12700E+00,+0.0E+00
+3.12800E+00,-31.25E-03
+3.12900E+00,-62.50E-03
+3.13000E+00,+0.0E+00
+3.13100E+00,-31.25E-03
+3.13200E+00,+0.0E+00
+3.13300E+00,-31.25E-03
+3.13400E+00,+0.0E+00
+3.13500E+00,+31.25E-03
+3.13600E+00,+0.0E+00
+3.13700E+00,-31.25E-03
+3.13800E+00,-31.25E-03
+3.13900E+00,-31.25E-03
+3.14000E+00,+31.25E-03
+3.14100E+00,-31.25E-03
+3.14200E+00,+0.0E+00
+3.14300E+00,-62.50E-03
+3.14400E+00,+0.0E+00
+3.14500E+00,-62.50E-03
+3.14600E+00,+31.25E-03
+3.14700E+00,-31.25E-03
+3.14800E+00,+0.0E+00
+3.14900E+00,-62.50E-03
+3.15000E+00,+0.0E+00
+3.15100E+00,-62.50E-03
+3.15200E+00,-31.25E-03
+3.15300E+00,+0.0E+00
+3.15400E+00,-62.50E-03
+3.15500E+00,+31.25E-03
+3.15600E+00,+0.0E+00
+3.15700E+00,-31.25E-03
+3.15800E+00,-62.50E-03
+3.15900E+00,-31.25E-03
+3.16000E+00,-62.50E-03
+3.16100E+00,-31.25E-03
+3.16200E+00,+0.0E+00
+3.16300E+00,-31.25E-03
+3.16400E+00,-31.25E-03
+3.16500E+00,-31.25E-03
+3.16600E+00,-62.50E-03
+3.16700E+00,-31.25E-03
+3.16800E+00,-31.25E-03
+3.16900E+00,-31.25E-03
+3.17000E+00,-31.25E-03
+3.17100E+00,-31.25E-03
+3.17200E+00,-31.25E-03
+3.17300E+00,-31.25E-03
+3.17400E+00,+31.25E-03
+3.17500E+00,+0.0E+00
+3.17600E+00,+0.0E+00
+3.17700E+00,-62.50E-03
+3.17800E+00,-31.25E-03
+3.17900E+00,-31.25E-03
+3.18000E+00,-62.50E-03
+3.18100E+00,-93.75E-03
+3.18200E+00,-62.50E-03
+3.18300E+00,-62.50E-03
+3.18400E+00,+0.0E+00
+3.18500E+00,-62.50E-03
+3.18600E+00,-31.25E-03
+3.18700E+00,-31.25E-03
+3.18800E+00,+0.0E+00
+3.18900E+00,-31.25E-03
+3.19000E+00,+0.0E+00
+3.19100E+00,-31.25E-03
+3.19200E+00,-62.50E-03
+3.19300E+00,-62.50E-03
+3.19400E+00,-62.50E-03
+3.19500E+00,-31.25E-03
+3.19600E+00,-62.50E-03
+3.19700E+00,+0.0E+00
+3.19800E+00,+0.0E+00
+3.19900E+00,-62.50E-03
+3.20000E+00,-62.50E-03
+3.20100E+00,+31.25E-03
+3.20200E+00,+0.0E+00
+3.20300E+00,+0.0E+00
+3.20400E+00,-31.25E-03
+3.20500E+00,-31.25E-03
+3.20600E+00,-31.25E-03
+3.20700E+00,-62.50E-03
+3.20800E+00,+31.25E-03
+3.20900E+00,-31.25E-03
+3.21000E+00,-62.50E-03
+3.21100E+00,-62.50E-03
+3.21200E+00,-31.25E-03
+3.21300E+00,-31.25E-03
+3.21400E+00,-62.50E-03
+3.21500E+00,-31.25E-03
+3.21600E+00,-31.25E-03
+3.21700E+00,-31.25E-03
+3.21800E+00,-62.50E-03
+3.21900E+00,-31.25E-03
+3.22000E+00,+0.0E+00
+3.22100E+00,-62.50E-03
+3.22200E+00,-31.25E-03
+3.22300E+00,-31.25E-03
+3.22400E+00,-62.50E-03
+3.22500E+00,-62.50E-03
+3.22600E+00,-31.25E-03
+3.22700E+00,+0.0E+00
+3.22800E+00,-62.50E-03
+3.22900E+00,-31.25E-03
+3.23000E+00,+0.0E+00
+3.23100E+00,-31.25E-03
+3.23200E+00,-62.50E-03
+3.23300E+00,+0.0E+00
+3.23400E+00,-62.50E-03
+3.23500E+00,+31.25E-03
+3.23600E+00,-31.25E-03
+3.23700E+00,-62.50E-03
+3.23800E+00,-31.25E-03
+3.23900E+00,-31.25E-03
+3.24000E+00,-62.50E-03
+3.24100E+00,-31.25E-03
+3.24200E+00,+31.25E-03
+3.24300E+00,+0.0E+00
+3.24400E+00,-31.25E-03
+3.24500E+00,-62.50E-03
+3.24600E+00,-31.25E-03
+3.24700E+00,-62.50E-03
+3.24800E+00,-31.25E-03
+3.24900E+00,-62.50E-03
+3.25000E+00,-31.25E-03
+3.25100E+00,+0.0E+00
+3.25200E+00,-31.25E-03
+3.25300E+00,-93.75E-03
+3.25400E+00,-62.50E-03
+3.25500E+00,+31.25E-03
+3.25600E+00,-62.50E-03
+3.25700E+00,-31.25E-03
+3.25800E+00,-31.25E-03
+3.25900E+00,+0.0E+00
+3.26000E+00,+31.25E-03
+3.26100E+00,-62.50E-03
+3.26200E+00,-62.50E-03
+3.26300E+00,+62.50E-03
+3.26400E+00,+0.0E+00
+3.26500E+00,+31.25E-03
+3.26600E+00,-31.25E-03
+3.26700E+00,+0.0E+00
+3.26800E+00,+0.0E+00
+3.26900E+00,-31.25E-03
+3.27000E+00,-31.25E-03
+3.27100E+00,-31.25E-03
+3.27200E+00,-31.25E-03
+3.27300E+00,-62.50E-03
+3.27400E+00,-31.25E-03
+3.27500E+00,+0.0E+00
+3.27600E+00,-31.25E-03
+3.27700E+00,-62.50E-03
+3.27800E+00,-31.25E-03
+3.27900E+00,+31.25E-03
+3.28000E+00,-31.25E-03
+3.28100E+00,-31.25E-03
+3.28200E+00,-31.25E-03
+3.28300E+00,-93.75E-03
+3.28400E+00,-62.50E-03
+3.28500E+00,-31.25E-03
+3.28600E+00,+0.0E+00
+3.28700E+00,+0.0E+00
+3.28800E+00,-62.50E-03
+3.28900E+00,+0.0E+00
+3.29000E+00,-62.50E-03
+3.29100E+00,-62.50E-03
+3.29200E+00,+0.0E+00
+3.29300E+00,-31.25E-03
+3.29400E+00,+31.25E-03
+3.29500E+00,+0.0E+00
+3.29600E+00,+0.0E+00
+3.29700E+00,-62.50E-03
+3.29800E+00,-31.25E-03
+3.29900E+00,+31.25E-03
+3.30000E+00,-62.50E-03
+3.30100E+00,-31.25E-03
+3.30200E+00,+0.0E+00
+3.30300E+00,+0.0E+00
+3.30400E+00,+0.0E+00
+3.30500E+00,-31.25E-03
+3.30600E+00,-31.25E-03
+3.30700E+00,-31.25E-03
+3.30800E+00,-62.50E-03
+3.30900E+00,+0.0E+00
+3.31000E+00,-62.50E-03
+3.31100E+00,-62.50E-03
+3.31200E+00,-31.25E-03
+3.31300E+00,-93.75E-03
+3.31400E+00,-31.25E-03
+3.31500E+00,+0.0E+00
+3.31600E+00,-31.25E-03
+3.31700E+00,-62.50E-03
+3.31800E+00,-31.25E-03
+3.31900E+00,-31.25E-03
+3.32000E+00,-31.25E-03
+3.32100E+00,+0.0E+00
+3.32200E+00,+0.0E+00
+3.32300E+00,-31.25E-03
+3.32400E+00,+0.0E+00
+3.32500E+00,-62.50E-03
+3.32600E+00,-31.25E-03
+3.32700E+00,-31.25E-03
+3.32800E+00,-93.75E-03
+3.32900E+00,+0.0E+00
+3.33000E+00,-31.25E-03
+3.33100E+00,-31.25E-03
+3.33200E+00,-31.25E-03
+3.33300E+00,+0.0E+00
+3.33400E+00,-62.50E-03
+3.33500E+00,-31.25E-03
+3.33600E+00,-62.50E-03
+3.33700E+00,-31.25E-03
+3.33800E+00,+0.0E+00
+3.33900E+00,-31.25E-03
+3.34000E+00,+31.25E-03
+3.34100E+00,-31.25E-03
+3.34200E+00,+0.0E+00
+3.34300E+00,-93.75E-03
+3.34400E+00,-62.50E-03
+3.34500E+00,+0.0E+00
+3.34600E+00,-62.50E-03
+3.34700E+00,-93.75E-03
+3.34800E+00,-62.50E-03
+3.34900E+00,+0.0E+00
+3.35000E+00,-31.25E-03
+3.35100E+00,-62.50E-03
+3.35200E+00,+0.0E+00
+3.35300E+00,+0.0E+00
+3.35400E+00,+31.25E-03
+3.35500E+00,-31.25E-03
+3.35600E+00,+0.0E+00
+3.35700E+00,-62.50E-03
+3.35800E+00,-31.25E-03
+3.35900E+00,+0.0E+00
+3.36000E+00,+62.50E-03
+3.36100E+00,+31.25E-03
+3.36200E+00,+31.25E-03
+3.36300E+00,+31.25E-03
+3.36400E+00,+0.0E+00
+3.36500E+00,+31.25E-03
+3.36600E+00,+31.25E-03
+3.36700E+00,+62.50E-03
+3.36800E+00,+93.75E-03
+3.36900E+00,+31.25E-03
+3.37000E+00,+31.25E-03
+3.37100E+00,+0.0E+00
+3.37200E+00,+0.0E+00
+3.37300E+00,+62.50E-03
+3.37400E+00,+62.50E-03
+3.37500E+00,+31.25E-03
+3.37600E+00,+62.50E-03
+3.37700E+00,+62.50E-03
+3.37800E+00,+31.25E-03
+3.37900E+00,+0.0E+00
+3.38000E+00,+31.25E-03
+3.38100E+00,+31.25E-03
+3.38200E+00,+31.25E-03
+3.38300E+00,+1.28125E+00
+3.38400E+00,+0.0E+00
+3.38500E+00,+31.25E-03
+3.38600E+00,+31.25E-03
+3.38700E+00,+31.25E-03
+3.38800E+00,+31.25E-03
+3.38900E+00,+62.50E-03
+3.39000E+00,+31.25E-03
+3.39100E+00,+31.25E-03
+3.39200E+00,+31.25E-03
+3.39300E+00,-156.25E-03
+3.39400E+00,+31.25E-03
+3.39500E+00,+31.25E-03
+3.39600E+00,+31.25E-03
+3.39700E+00,+93.75E-03
+3.39800E+00,+31.25E-03
+3.39900E+00,+62.50E-03
+3.40000E+00,+31.25E-03
+3.40100E+00,+31.25E-03
+3.40200E+00,+93.75E-03
+3.40300E+00,+31.25E-03
+3.40400E+00,+31.25E-03
+3.40500E+00,+31.25E-03
+3.40600E+00,+31.25E-03
+3.40700E+00,+31.25E-03
+3.40800E+00,+62.50E-03
+3.40900E+00,+31.25E-03
+3.41000E+00,+31.25E-03
+3.41100E+00,+31.25E-03
+3.41200E+00,+31.25E-03
+3.41300E+00,+31.25E-03
+3.41400E+00,+31.25E-03
+3.41500E+00,+0.0E+00
+3.41600E+00,+31.25E-03
+3.41700E+00,+31.25E-03
+3.41800E+00,+31.25E-03
+3.41900E+00,+31.25E-03
+3.42000E+00,+31.25E-03
+3.42100E+00,+62.50E-03
+3.42200E+00,+625.00E-03
+3.42300E+00,+31.25E-03
+3.42400E+00,+0.0E+00
+3.42500E+00,+31.25E-03
+3.42600E+00,+31.25E-03
+3.42700E+00,+31.25E-03
+3.42800E+00,+31.25E-03
+3.42900E+00,+31.25E-03
+3.43000E+00,+0.0E+00
+3.43100E+00,+0.0E+00
+3.43200E+00,+31.25E-03
+3.43300E+00,+31.25E-03
+3.43400E+00,+31.25E-03
+3.43500E+00,+31.25E-03
+3.43600E+00,+31.25E-03
+3.43700E+00,+31.25E-03
+3.43800E+00,+62.50E-03
+3.43900E+00,+31.25E-03
+3.44000E+00,+0.0E+00
+3.44100E+00,+62.50E-03
+3.44200E+00,+31.25E-03
+3.44300E+00,+31.25E-03
+3.44400E+00,+31.25E-03
+3.44500E+00,+62.50E-03
+3.44600E+00,+281.25E-03
+3.44700E+00,+31.25E-03
+3.44800E+00,+31.25E-03
+3.44900E+00,+31.25E-03
+3.45000E+00,+62.50E-03
+3.45100E+00,+0.0E+00
+3.45200E+00,+31.25E-03
+3.45300E+00,+31.25E-03
+3.45400E+00,+31.25E-03
+3.45500E+00,+0.0E+00
+3.45600E+00,+31.25E-03
+3.45700E+00,+31.25E-03
+3.45800E+00,+62.50E-03
+3.45900E+00,+62.50E-03
+3.46000E+00,+31.25E-03
+3.46100E+00,+31.25E-03
+3.46200E+00,+31.25E-03
+3.46300E+00,+31.25E-03
+3.46400E+00,+31.25E-03
+3.46500E+00,+31.25E-03
+3.46600E+00,+31.25E-03
+3.46700E+00,+62.50E-03
+3.46800E+00,+31.25E-03
+3.46900E+00,+31.25E-03
+3.47000E+00,+31.25E-03
+3.47100E+00,+31.25E-03
+3.47200E+00,+31.25E-03
+3.47300E+00,+31.25E-03
+3.47400E+00,+31.25E-03
+3.47500E+00,+31.25E-03
+3.47600E+00,+0.0E+00
+3.47700E+00,+62.50E-03
+3.47800E+00,+31.25E-03
+3.47900E+00,+31.25E-03
+3.48000E+00,+31.25E-03
+3.48100E+00,+62.50E-03
+3.48200E+00,+0.0E+00
+3.48300E+00,+62.50E-03
+3.48400E+00,+31.25E-03
+3.48500E+00,+31.25E-03
+3.48600E+00,+31.25E-03
+3.48700E+00,+62.50E-03
+3.48800E+00,+62.50E-03
+3.48900E+00,+31.25E-03
+3.49000E+00,+62.50E-03
+3.49100E+00,+31.25E-03
+3.49200E+00,+62.50E-03
+3.49300E+00,+0.0E+00
+3.49400E+00,+0.0E+00
+3.49500E+00,+31.25E-03
+3.49600E+00,+31.25E-03
+3.49700E+00,+125.00E-03
+3.49800E+00,+156.25E-03
+3.49900E+00,+31.25E-03
+3.50000E+00,+0.0E+00
+3.50100E+00,+31.25E-03
+3.50200E+00,+31.25E-03
+3.50300E+00,+62.50E-03
+3.50400E+00,+31.25E-03
+3.50500E+00,+31.25E-03
+3.50600E+00,+31.25E-03
+3.50700E+00,+31.25E-03
+3.50800E+00,+31.25E-03
+3.50900E+00,+62.50E-03
+3.51000E+00,+31.25E-03
+3.51100E+00,+31.25E-03
+3.51200E+00,+31.25E-03
+3.51300E+00,+31.25E-03
+3.51400E+00,+31.25E-03
+3.51500E+00,+31.25E-03
+3.51600E+00,+31.25E-03
+3.51700E+00,+31.25E-03
+3.51800E+00,+62.50E-03
+3.51900E+00,+31.25E-03
+3.52000E+00,+31.25E-03
+3.52100E+00,+0.0E+00
+3.52200E+00,+31.25E-03
+3.52300E+00,+62.50E-03
+3.52400E+00,+31.25E-03
+3.52500E+00,+31.25E-03
+3.52600E+00,+31.25E-03
+3.52700E+00,+0.0E+00
+3.52800E+00,+62.50E-03
+3.52900E+00,+31.25E-03
+3.53000E+00,+31.25E-03
+3.53100E+00,+31.25E-03
+3.53200E+00,+0.0E+00
+3.53300E+00,+62.50E-03
+3.53400E+00,+62.50E-03
+3.53500E+00,+31.25E-03
+3.53600E+00,+31.25E-03
+3.53700E+00,+31.25E-03
+3.53800E+00,+31.25E-03
+3.53900E+00,+31.25E-03
+3.54000E+00,+31.25E-03
+3.54100E+00,+31.25E-03
+3.54200E+00,+31.25E-03
+3.54300E+00,+31.25E-03
+3.54400E+00,+62.50E-03
+3.54500E+00,+31.25E-03
+3.54600E+00,+0.0E+00
+3.54700E+00,+31.25E-03
+3.54800E+00,+31.25E-03
+3.54900E+00,+62.50E-03
+3.55000E+00,+0.0E+00
+3.55100E+00,+31.25E-03
+3.55200E+00,+31.25E-03
+3.55300E+00,+31.25E-03
+3.55400E+00,+31.25E-03
+3.55500E+00,+31.25E-03
+3.55600E+00,+62.50E-03
+3.55700E+00,+0.0E+00
+3.55800E+00,+31.25E-03
+3.55900E+00,+31.25E-03
+3.56000E+00,+62.50E-03
+3.56100E+00,+31.25E-03
+3.56200E+00,+31.25E-03
+3.56300E+00,+62.50E-03
+3.56400E+00,+31.25E-03
+3.56500E+00,+31.25E-03
+3.56600E+00,+31.25E-03
+3.56700E+00,+0.0E+00
+3.56800E+00,+62.50E-03
+3.56900E+00,+31.25E-03
+3.57000E+00,+31.25E-03
+3.57100E+00,+0.0E+00
+3.57200E+00,+31.25E-03
+3.57300E+00,+0.0E+00
+3.57400E+00,+62.50E-03
+3.57500E+00,+31.25E-03
+3.57600E+00,+62.50E-03
+3.57700E+00,+31.25E-03
+3.57800E+00,+31.25E-03
+3.57900E+00,+31.25E-03
+3.58000E+00,+31.25E-03
+3.58100E+00,+31.25E-03
+3.58200E+00,+31.25E-03
+3.58300E+00,+31.25E-03
+3.58400E+00,+31.25E-03
+3.58500E+00,+31.25E-03
+3.58600E+00,+31.25E-03
+3.58700E+00,+31.25E-03
+3.58800E+00,+31.25E-03
+3.58900E+00,+31.25E-03
+3.59000E+00,+31.25E-03
+3.59100E+00,+0.0E+00
+3.59200E+00,+31.25E-03
+3.59300E+00,+31.25E-03
+3.59400E+00,+31.25E-03
+3.59500E+00,+31.25E-03
+3.59600E+00,+31.25E-03
+3.59700E+00,+31.25E-03
+3.59800E+00,+62.50E-03
+3.59900E+00,+62.50E-03
+3.60000E+00,+62.50E-03
+3.60100E+00,+31.25E-03
+3.60200E+00,+31.25E-03
+3.60300E+00,+31.25E-03
+3.60400E+00,+0.0E+00
+3.60500E+00,+62.50E-03
+3.60600E+00,+62.50E-03
+3.60700E+00,+31.25E-03
+3.60800E+00,+0.0E+00
+3.60900E+00,+31.25E-03
+3.61000E+00,+62.50E-03
+3.61100E+00,+0.0E+00
+3.61200E+00,+31.25E-03
+3.61300E+00,+31.25E-03
+3.61400E+00,+31.25E-03
+3.61500E+00,+31.25E-03
+3.61600E+00,+31.25E-03
+3.61700E+00,+31.25E-03
+3.61800E+00,+31.25E-03
+3.61900E+00,+62.50E-03
+3.62000E+00,+31.25E-03
+3.62100E+00,+0.0E+00
+3.62200E+00,+31.25E-03
+3.62300E+00,+31.25E-03
+3.62400E+00,+31.25E-03
+3.62500E+00,+31.25E-03
+3.62600E+00,+0.0E+00
+3.62700E+00,+31.25E-03
+3.62800E+00,+31.25E-03
+3.62900E+00,+62.50E-03
+3.63000E+00,+31.25E-03
+3.63100E+00,+62.50E-03
+3.63200E+00,+31.25E-03
+3.63300E+00,+31.25E-03
+3.63400E+00,+31.25E-03
+3.63500E+00,+62.50E-03
+3.63600E+00,+31.25E-03
+3.63700E+00,+31.25E-03
+3.63800E+00,+31.25E-03
+3.63900E+00,+31.25E-03
+3.64000E+00,+31.25E-03
+3.64100E+00,+31.25E-03
+3.64200E+00,+62.50E-03
+3.64300E+00,+31.25E-03
+3.64400E+00,+31.25E-03
+3.64500E+00,+31.25E-03
+3.64600E+00,+62.50E-03
+3.64700E+00,+62.50E-03
+3.64800E+00,+31.25E-03
+3.64900E+00,+31.25E-03
+3.65000E+00,+31.25E-03
+3.65100E+00,+31.25E-03
+3.65200E+00,+0.0E+00
+3.65300E+00,+31.25E-03
+3.65400E+00,+0.0E+00
+3.65500E+00,+31.25E-03
+3.65600E+00,+62.50E-03
+3.65700E+00,+0.0E+00
+3.65800E+00,+31.25E-03
+3.65900E+00,+31.25E-03
+3.66000E+00,+31.25E-03
+3.66100E+00,+31.25E-03
+3.66200E+00,+31.25E-03
+3.66300E+00,+31.25E-03
+3.66400E+00,+31.25E-03
+3.66500E+00,+31.25E-03
+3.66600E+00,+31.25E-03
+3.66700E+00,+31.25E-03
+3.66800E+00,+0.0E+00
+3.66900E+00,+31.25E-03
+3.67000E+00,+31.25E-03
+3.67100E+00,+0.0E+00
+3.67200E+00,+31.25E-03
+3.67300E+00,+62.50E-03
+3.67400E+00,+31.25E-03
+3.67500E+00,+31.25E-03
+3.67600E+00,+31.25E-03
+3.67700E+00,+31.25E-03
+3.67800E+00,+31.25E-03
+3.67900E+00,+31.25E-03
+3.68000E+00,+31.25E-03
+3.68100E+00,+31.25E-03
+3.68200E+00,+31.25E-03
+3.68300E+00,+31.25E-03
+3.68400E+00,+31.25E-03
+3.68500E+00,+62.50E-03
+3.68600E+00,+31.25E-03
+3.68700E+00,+0.0E+00
+3.68800E+00,+31.25E-03
+3.68900E+00,+31.25E-03
+3.69000E+00,+31.25E-03
+3.69100E+00,+31.25E-03
+3.69200E+00,+31.25E-03
+3.69300E+00,+62.50E-03
+3.69400E+00,+62.50E-03
+3.69500E+00,+0.0E+00
+3.69600E+00,+62.50E-03
+3.69700E+00,+31.25E-03
+3.69800E+00,+31.25E-03
+3.69900E+00,+0.0E+00
+3.70000E+00,+31.25E-03
+3.70100E+00,+0.0E+00
+3.70200E+00,+31.25E-03
+3.70300E+00,+31.25E-03
+3.70400E+00,+31.25E-03
+3.70500E+00,+31.25E-03
+3.70600E+00,+31.25E-03
+3.70700E+00,+31.25E-03
+3.70800E+00,+62.50E-03
+3.70900E+00,+31.25E-03
+3.71000E+00,+31.25E-03
+3.71100E+00,+31.25E-03
+3.71200E+00,+31.25E-03
+3.71300E+00,+31.25E-03
+3.71400E+00,+62.50E-03
+3.71500E+00,+31.25E-03
+3.71600E+00,+62.50E-03
+3.71700E+00,+31.25E-03
+3.71800E+00,+31.25E-03
+3.71900E+00,+31.25E-03
+3.72000E+00,+31.25E-03
+3.72100E+00,+31.25E-03
+3.72200E+00,+31.25E-03
+3.72300E+00,+31.25E-03
+3.72400E+00,+31.25E-03
+3.72500E+00,+31.25E-03
+3.72600E+00,+31.25E-03
+3.72700E+00,+31.25E-03
+3.72800E+00,+0.0E+00
+3.72900E+00,+31.25E-03
+3.73000E+00,+31.25E-03
+3.73100E+00,+31.25E-03
+3.73200E+00,+31.25E-03
+3.73300E+00,+0.0E+00
+3.73400E+00,+0.0E+00
+3.73500E+00,+31.25E-03
+3.73600E+00,+31.25E-03
+3.73700E+00,+62.50E-03
+3.73800E+00,+31.25E-03
+3.73900E+00,+31.25E-03
+3.74000E+00,+0.0E+00
+3.74100E+00,+0.0E+00
+3.74200E+00,+31.25E-03
+3.74300E+00,+62.50E-03
+3.74400E+00,+31.25E-03
+3.74500E+00,+31.25E-03
+3.74600E+00,+0.0E+00
+3.74700E+00,+31.25E-03
+3.74800E+00,+31.25E-03
+3.74900E+00,+0.0E+00
+3.75000E+00,+31.25E-03
+3.75100E+00,+31.25E-03
+3.75200E+00,+0.0E+00
+3.75300E+00,+62.50E-03
+3.75400E+00,+62.50E-03
+3.75500E+00,+62.50E-03
+3.75600E+00,+31.25E-03
+3.75700E+00,+31.25E-03
+3.75800E+00,+31.25E-03
+3.75900E+00,+31.25E-03
+3.76000E+00,+62.50E-03
+3.76100E+00,+31.25E-03
+3.76200E+00,+62.50E-03
+3.76300E+00,+31.25E-03
+3.76400E+00,+31.25E-03
+3.76500E+00,+31.25E-03
+3.76600E+00,+31.25E-03
+3.76700E+00,+31.25E-03
+3.76800E+00,+31.25E-03
+3.76900E+00,+31.25E-03
+3.77000E+00,+62.50E-03
+3.77100E+00,+31.25E-03
+3.77200E+00,+31.25E-03
+3.77300E+00,+31.25E-03
+3.77400E+00,+31.25E-03
+3.77500E+00,+31.25E-03
+3.77600E+00,+31.25E-03
+3.77700E+00,+31.25E-03
+3.77800E+00,+31.25E-03
+3.77900E+00,+62.50E-03
+3.78000E+00,+31.25E-03
+3.78100E+00,+0.0E+00
+3.78200E+00,+31.25E-03
+3.78300E+00,+62.50E-03
+3.78400E+00,+31.25E-03
+3.78500E+00,+0.0E+00
+3.78600E+00,+93.75E-03
+3.78700E+00,+31.25E-03
+3.78800E+00,+0.0E+00
+3.78900E+00,+31.25E-03
+3.79000E+00,+0.0E+00
+3.79100E+00,+31.25E-03
+3.79200E+00,+0.0E+00
+3.79300E+00,+31.25E-03
+3.79400E+00,+31.25E-03
+3.79500E+00,+31.25E-03
+3.79600E+00,+0.0E+00
+3.79700E+00,+31.25E-03
+3.79800E+00,+31.25E-03
+3.79900E+00,+62.50E-03
+3.80000E+00,+31.25E-03
+3.80100E+00,+62.50E-03
+3.80200E+00,+31.25E-03
+3.80300E+00,+31.25E-03
+3.80400E+00,+0.0E+00
+3.80500E+00,+31.25E-03
+3.80600E+00,+62.50E-03
+3.80700E+00,+31.25E-03
+3.80800E+00,+31.25E-03
+3.80900E+00,+31.25E-03
+3.81000E+00,+0.0E+00
+3.81100E+00,+31.25E-03
+3.81200E+00,+31.25E-03
+3.81300E+00,+31.25E-03
+3.81400E+00,+62.50E-03
+3.81500E+00,+31.25E-03
+3.81600E+00,+0.0E+00
+3.81700E+00,+31.25E-03
+3.81800E+00,+31.25E-03
+3.81900E+00,+31.25E-03
+3.82000E+00,+31.25E-03
+3.82100E+00,+62.50E-03
+3.82200E+00,+0.0E+00
+3.82300E+00,+31.25E-03
+3.82400E+00,+31.25E-03
+3.82500E+00,+31.25E-03
+3.82600E+00,+93.75E-03
+3.82700E+00,+62.50E-03
+3.82800E+00,+31.25E-03
+3.82900E+00,+31.25E-03
+3.83000E+00,+62.50E-03
+3.83100E+00,+31.25E-03
+3.83200E+00,+0.0E+00
+3.83300E+00,+62.50E-03
+3.83400E+00,+31.25E-03
+3.83500E+00,+62.50E-03
+3.83600E+00,+62.50E-03
+3.83700E+00,+31.25E-03
+3.83800E+00,+31.25E-03
+3.83900E+00,+31.25E-03
+3.84000E+00,+31.25E-03
+3.84100E+00,+31.25E-03
+3.84200E+00,+31.25E-03
+3.84300E+00,+62.50E-03
+3.84400E+00,+31.25E-03
+3.84500E+00,+31.25E-03
+3.84600E+00,+31.25E-03
+3.84700E+00,+31.25E-03
+3.84800E+00,+93.75E-03
+3.84900E+00,+31.25E-03
+3.85000E+00,+31.25E-03
+3.85100E+00,+31.25E-03
+3.85200E+00,+31.25E-03
+3.85300E+00,+31.25E-03
+3.85400E+00,+31.25E-03
+3.85500E+00,+31.25E-03
+3.85600E+00,+31.25E-03
+3.85700E+00,+31.25E-03
+3.85800E+00,+31.25E-03
+3.85900E+00,+62.50E-03
+3.86000E+00,+31.25E-03
+3.86100E+00,+62.50E-03
+3.86200E+00,+31.25E-03
+3.86300E+00,+31.25E-03
+3.86400E+00,+31.25E-03
+3.86500E+00,+62.50E-03
+3.86600E+00,+31.25E-03
+3.86700E+00,+0.0E+00
+3.86800E+00,+31.25E-03
+3.86900E+00,+31.25E-03
+3.87000E+00,+31.25E-03
+3.87100E+00,+31.25E-03
+3.87200E+00,+31.25E-03
+3.87300E+00,+31.25E-03
+3.87400E+00,+62.50E-03
+3.87500E+00,+31.25E-03
+3.87600E+00,+62.50E-03
+3.87700E+00,+31.25E-03
+3.87800E+00,+62.50E-03
+3.87900E+00,+31.25E-03
+3.88000E+00,+0.0E+00
+3.88100E+00,+31.25E-03
+3.88200E+00,+31.25E-03
+3.88300E+00,+31.25E-03
+3.88400E+00,+31.25E-03
+3.88500E+00,+31.25E-03
+3.88600E+00,+31.25E-03
+3.88700E+00,+0.0E+00
+3.88800E+00,+31.25E-03
+3.88900E+00,+31.25E-03
+3.89000E+00,+31.25E-03
+3.89100E+00,+31.25E-03
+3.89200E+00,+31.25E-03
+3.89300E+00,+0.0E+00
+3.89400E+00,+31.25E-03
+3.89500E+00,+31.25E-03
+3.89600E+00,+0.0E+00
+3.89700E+00,+31.25E-03
+3.89800E+00,+62.50E-03
+3.89900E+00,+0.0E+00
+3.90000E+00,+31.25E-03
+3.90100E+00,+62.50E-03
+3.90200E+00,+31.25E-03
+3.90300E+00,+31.25E-03
+3.90400E+00,+31.25E-03
+3.90500E+00,+31.25E-03
+3.90600E+00,+31.25E-03
+3.90700E+00,+0.0E+00
+3.90800E+00,+31.25E-03
+3.90900E+00,+31.25E-03
+3.91000E+00,+0.0E+00
+3.91100E+00,+31.25E-03
+3.91200E+00,+62.50E-03
+3.91300E+00,+31.25E-03
+3.91400E+00,+62.50E-03
+3.91500E+00,+31.25E-03
+3.91600E+00,+62.50E-03
+3.91700E+00,+62.50E-03
+3.91800E+00,+31.25E-03
+3.91900E+00,+31.25E-03
+3.92000E+00,+31.25E-03
+3.92100E+00,+62.50E-03
+3.92200E+00,+31.25E-03
+3.92300E+00,+0.0E+00
+3.92400E+00,+31.25E-03
+3.92500E+00,+0.0E+00
+3.92600E+00,+31.25E-03
+3.92700E+00,+31.25E-03
+3.92800E+00,+0.0E+00
+3.92900E+00,+31.25E-03
+3.93000E+00,+31.25E-03
+3.93100E+00,+31.25E-03
+3.93200E+00,+0.0E+00
+3.93300E+00,+31.25E-03
+3.93400E+00,+62.50E-03
+3.93500E+00,+31.25E-03
+3.93600E+00,+0.0E+00
+3.93700E+00,+31.25E-03
+3.93800E+00,+31.25E-03
+3.93900E+00,+31.25E-03
+3.94000E+00,+31.25E-03
+3.94100E+00,+62.50E-03
+3.94200E+00,+31.25E-03
+3.94300E+00,+31.25E-03
+3.94400E+00,+31.25E-03
+3.94500E+00,+31.25E-03
+3.94600E+00,+31.25E-03
+3.94700E+00,+62.50E-03
+3.94800E+00,+31.25E-03
+3.94900E+00,+31.25E-03
+3.95000E+00,+62.50E-03
+3.95100E+00,+31.25E-03
+3.95200E+00,+31.25E-03
+3.95300E+00,+31.25E-03
+3.95400E+00,+62.50E-03
+3.95500E+00,+62.50E-03
+3.95600E+00,+31.25E-03
+3.95700E+00,+62.50E-03
+3.95800E+00,+31.25E-03
+3.95900E+00,+31.25E-03
+3.96000E+00,+31.25E-03
+3.96100E+00,+31.25E-03
+3.96200E+00,+31.25E-03
+3.96300E+00,+31.25E-03
+3.96400E+00,+31.25E-03
+3.96500E+00,+31.25E-03
+3.96600E+00,+31.25E-03
+3.96700E+00,+31.25E-03
+3.96800E+00,+31.25E-03
+3.96900E+00,+31.25E-03
+3.97000E+00,+31.25E-03
+3.97100E+00,+31.25E-03
+3.97200E+00,+31.25E-03
+3.97300E+00,+31.25E-03
+3.97400E+00,+31.25E-03
+3.97500E+00,+31.25E-03
+3.97600E+00,+0.0E+00
+3.97700E+00,+31.25E-03
+3.97800E+00,+31.25E-03
+3.97900E+00,+31.25E-03
+3.98000E+00,+31.25E-03
+3.98100E+00,+0.0E+00
+3.98200E+00,+31.25E-03
+3.98300E+00,+31.25E-03
+3.98400E+00,+62.50E-03
+3.98500E+00,+31.25E-03
+3.98600E+00,+62.50E-03
+3.98700E+00,+31.25E-03
+3.98800E+00,+31.25E-03
+3.98900E+00,+31.25E-03
+3.99000E+00,+31.25E-03
+3.99100E+00,+31.25E-03
+3.99200E+00,+0.0E+00
+3.99300E+00,+62.50E-03
+3.99400E+00,+31.25E-03
+3.99500E+00,+31.25E-03
+3.99600E+00,+31.25E-03
+3.99700E+00,+62.50E-03
+3.99800E+00,+31.25E-03
+3.99900E+00,+62.50E-03
+4.00000E+00,+31.25E-03
+4.00100E+00,+31.25E-03
+4.00200E+00,+0.0E+00
+4.00300E+00,+31.25E-03
+4.00400E+00,+31.25E-03
+4.00500E+00,+31.25E-03
+4.00600E+00,+62.50E-03
+4.00700E+00,+31.25E-03
+4.00800E+00,+31.25E-03
+4.00900E+00,+31.25E-03
+4.01000E+00,+31.25E-03
+4.01100E+00,+62.50E-03
+4.01200E+00,+31.25E-03
+4.01300E+00,+31.25E-03
+4.01400E+00,+62.50E-03
+4.01500E+00,+31.25E-03
+4.01600E+00,+31.25E-03
+4.01700E+00,+0.0E+00
+4.01800E+00,+31.25E-03
+4.01900E+00,+31.25E-03
+4.02000E+00,+62.50E-03
+4.02100E+00,+31.25E-03
+4.02200E+00,+0.0E+00
+4.02300E+00,+31.25E-03
+4.02400E+00,+0.0E+00
+4.02500E+00,+31.25E-03
+4.02600E+00,+62.50E-03
+4.02700E+00,+31.25E-03
+4.02800E+00,+62.50E-03
+4.02900E+00,+31.25E-03
+4.03000E+00,+62.50E-03
+4.03100E+00,+31.25E-03
+4.03200E+00,+31.25E-03
+4.03300E+00,+93.75E-03
+4.03400E+00,+31.25E-03
+4.03500E+00,+0.0E+00
+4.03600E+00,+62.50E-03
+4.03700E+00,+31.25E-03
+4.03800E+00,+31.25E-03
+4.03900E+00,+31.25E-03
+4.04000E+00,+31.25E-03
+4.04100E+00,+31.25E-03
+4.04200E+00,+0.0E+00
+4.04300E+00,+31.25E-03
+4.04400E+00,+31.25E-03
+4.04500E+00,+93.75E-03
+4.04600E+00,+62.50E-03
+4.04700E+00,+31.25E-03
+4.04800E+00,+31.25E-03
+4.04900E+00,+31.25E-03
+4.05000E+00,+62.50E-03
+4.05100E+00,+62.50E-03
+4.05200E+00,+31.25E-03
+4.05300E+00,+31.25E-03
+4.05400E+00,+31.25E-03
+4.05500E+00,+31.25E-03
+4.05600E+00,+31.25E-03
+4.05700E+00,+62.50E-03
+4.05800E+00,+0.0E+00
+4.05900E+00,+62.50E-03
+4.06000E+00,+31.25E-03
+4.06100E+00,+0.0E+00
+4.06200E+00,+31.25E-03
+4.06300E+00,+0.0E+00
+4.06400E+00,+0.0E+00
+4.06500E+00,+31.25E-03
+4.06600E+00,+62.50E-03
+4.06700E+00,+31.25E-03
+4.06800E+00,+31.25E-03
+4.06900E+00,+31.25E-03
+4.07000E+00,+62.50E-03
+4.07100E+00,+31.25E-03
+4.07200E+00,+62.50E-03
+4.07300E+00,+31.25E-03
+4.07400E+00,+31.25E-03
+4.07500E+00,+31.25E-03
+4.07600E+00,+31.25E-03
+4.07700E+00,+31.25E-03
+4.07800E+00,+31.25E-03
+4.07900E+00,+31.25E-03
+4.08000E+00,+31.25E-03
+4.08100E+00,+31.25E-03
+4.08200E+00,+0.0E+00
+4.08300E+00,+31.25E-03
+4.08400E+00,+62.50E-03
+4.08500E+00,+31.25E-03
+4.08600E+00,+62.50E-03
+4.08700E+00,+31.25E-03
+4.08800E+00,+31.25E-03
+4.08900E+00,+31.25E-03
+4.09000E+00,+62.50E-03
+4.09100E+00,+31.25E-03
+4.09200E+00,+31.25E-03
+4.09300E+00,+31.25E-03
+4.09400E+00,+62.50E-03
+4.09500E+00,+31.25E-03
+4.09600E+00,+31.25E-03
+4.09700E+00,+0.0E+00
+4.09800E+00,+31.25E-03
+4.09900E+00,+31.25E-03
+4.10000E+00,+31.25E-03
+4.10100E+00,+62.50E-03
+4.10200E+00,+31.25E-03
+4.10300E+00,+31.25E-03
+4.10400E+00,+31.25E-03
+4.10500E+00,+31.25E-03
+4.10600E+00,+31.25E-03
+4.10700E+00,+31.25E-03
+4.10800E+00,+31.25E-03
+4.10900E+00,+31.25E-03
+4.11000E+00,+31.25E-03
+4.11100E+00,+31.25E-03
+4.11200E+00,+31.25E-03
+4.11300E+00,+31.25E-03
+4.11400E+00,+31.25E-03
+4.11500E+00,+31.25E-03
+4.11600E+00,+62.50E-03
+4.11700E+00,+62.50E-03
+4.11800E+00,+31.25E-03
+4.11900E+00,+31.25E-03
+4.12000E+00,+31.25E-03
+4.12100E+00,+31.25E-03
+4.12200E+00,+31.25E-03
+4.12300E+00,+31.25E-03
+4.12400E+00,+31.25E-03
+4.12500E+00,+31.25E-03
+4.12600E+00,+31.25E-03
+4.12700E+00,+0.0E+00
+4.12800E+00,+31.25E-03
+4.12900E+00,+62.50E-03
+4.13000E+00,+0.0E+00
+4.13100E+00,+31.25E-03
+4.13200E+00,+62.50E-03
+4.13300E+00,+31.25E-03
+4.13400E+00,+31.25E-03
+4.13500E+00,+31.25E-03
+4.13600E+00,+31.25E-03
+4.13700E+00,+31.25E-03
+4.13800E+00,+31.25E-03
+4.13900E+00,+31.25E-03
+4.14000E+00,+31.25E-03
+4.14100E+00,+31.25E-03
+4.14200E+00,+31.25E-03
+4.14300E+00,+31.25E-03
+4.14400E+00,+31.25E-03
+4.14500E+00,+31.25E-03
+4.14600E+00,+31.25E-03
+4.14700E+00,+31.25E-03
+4.14800E+00,+31.25E-03
+4.14900E+00,+31.25E-03
+4.15000E+00,+62.50E-03
+4.15100E+00,+62.50E-03
+4.15200E+00,+31.25E-03
+4.15300E+00,+31.25E-03
+4.15400E+00,+62.50E-03
+4.15500E+00,+62.50E-03
+4.15600E+00,+31.25E-03
+4.15700E+00,+31.25E-03
+4.15800E+00,+62.50E-03
+4.15900E+00,+62.50E-03
+4.16000E+00,+0.0E+00
+4.16100E+00,+31.25E-03
+4.16200E+00,+31.25E-03
+4.16300E+00,+31.25E-03
+4.16400E+00,+31.25E-03
+4.16500E+00,+31.25E-03
+4.16600E+00,+31.25E-03
+4.16700E+00,+31.25E-03
+4.16800E+00,+62.50E-03
+4.16900E+00,+31.25E-03
+4.17000E+00,+0.0E+00
+4.17100E+00,+62.50E-03
+4.17200E+00,+62.50E-03
+4.17300E+00,+31.25E-03
+4.17400E+00,+31.25E-03
+4.17500E+00,+62.50E-03
+4.17600E+00,+62.50E-03
+4.17700E+00,+31.25E-03
+4.17800E+00,+31.25E-03
+4.17900E+00,+0.0E+00
+4.18000E+00,+31.25E-03
+4.18100E+00,+31.25E-03
+4.18200E+00,+31.25E-03
+4.18300E+00,+31.25E-03
+4.18400E+00,+0.0E+00
+4.18500E+00,+31.25E-03
+4.18600E+00,+31.25E-03
+4.18700E+00,+62.50E-03
+4.18800E+00,+31.25E-03
+4.18900E+00,+31.25E-03
+4.19000E+00,+62.50E-03
+4.19100E+00,+0.0E+00
+4.19200E+00,+31.25E-03
+4.19300E+00,+31.25E-03
+4.19400E+00,+31.25E-03
+4.19500E+00,+31.25E-03
+4.19600E+00,+62.50E-03
+4.19700E+00,+31.25E-03
+4.19800E+00,+31.25E-03
+4.19900E+00,+31.25E-03
+4.20000E+00,+0.0E+00
+4.20100E+00,+93.75E-03
+4.20200E+00,+31.25E-03
+4.20300E+00,+0.0E+00
+4.20400E+00,+31.25E-03
+4.20500E+00,+0.0E+00
+4.20600E+00,+0.0E+00
+4.20700E+00,+31.25E-03
+4.20800E+00,+62.50E-03
+4.20900E+00,+31.25E-03
+4.21000E+00,+31.25E-03
+4.21100E+00,+31.25E-03
+4.21200E+00,+31.25E-03
+4.21300E+00,+62.50E-03
+4.21400E+00,+31.25E-03
+4.21500E+00,+0.0E+00
+4.21600E+00,+31.25E-03
+4.21700E+00,+31.25E-03
+4.21800E+00,+31.25E-03
+4.21900E+00,+31.25E-03
+4.22000E+00,+31.25E-03
+4.22100E+00,+0.0E+00
+4.22200E+00,+0.0E+00
+4.22300E+00,+62.50E-03
+4.22400E+00,+31.25E-03
+4.22500E+00,+31.25E-03
+4.22600E+00,+62.50E-03
+4.22700E+00,+62.50E-03
+4.22800E+00,+31.25E-03
+4.22900E+00,+31.25E-03
+4.23000E+00,+62.50E-03
+4.23100E+00,+62.50E-03
+4.23200E+00,+31.25E-03
+4.23300E+00,+31.25E-03
+4.23400E+00,+31.25E-03
+4.23500E+00,+31.25E-03
+4.23600E+00,+31.25E-03
+4.23700E+00,+31.25E-03
+4.23800E+00,+31.25E-03
+4.23900E+00,+31.25E-03
+4.24000E+00,+0.0E+00
+4.24100E+00,+31.25E-03
+4.24200E+00,+31.25E-03
+4.24300E+00,+31.25E-03
+4.24400E+00,+31.25E-03
+4.24500E+00,+31.25E-03
+4.24600E+00,+31.25E-03
+4.24700E+00,+31.25E-03
+4.24800E+00,+0.0E+00
+4.24900E+00,+31.25E-03
+4.25000E+00,+0.0E+00
+4.25100E+00,+31.25E-03
+4.25200E+00,+31.25E-03
+4.25300E+00,+31.25E-03
+4.25400E+00,+31.25E-03
+4.25500E+00,+31.25E-03
+4.25600E+00,+31.25E-03
+4.25700E+00,+62.50E-03
+4.25800E+00,+31.25E-03
+4.25900E+00,+62.50E-03
+4.26000E+00,+31.25E-03
+4.26100E+00,+0.0E+00
+4.26200E+00,+93.75E-03
+4.26300E+00,+62.50E-03
+4.26400E+00,+31.25E-03
+4.26500E+00,+31.25E-03
+4.26600E+00,+31.25E-03
+4.26700E+00,+31.25E-03
+4.26800E+00,+31.25E-03
+4.26900E+00,+31.25E-03
+4.27000E+00,+0.0E+00
+4.27100E+00,+31.25E-03
+4.27200E+00,+31.25E-03
+4.27300E+00,+31.25E-03
+4.27400E+00,+31.25E-03
+4.27500E+00,+31.25E-03
+4.27600E+00,+0.0E+00
+4.27700E+00,+31.25E-03
+4.27800E+00,+31.25E-03
+4.27900E+00,+31.25E-03
+4.28000E+00,+62.50E-03
+4.28100E+00,+31.25E-03
+4.28200E+00,+31.25E-03
+4.28300E+00,+31.25E-03
+4.28400E+00,+31.25E-03
+4.28500E+00,+31.25E-03
+4.28600E+00,+93.75E-03
+4.28700E+00,+62.50E-03
+4.28800E+00,+31.25E-03
+4.28900E+00,+62.50E-03
+4.29000E+00,+31.25E-03
+4.29100E+00,+62.50E-03
+4.29200E+00,+31.25E-03
+4.29300E+00,+31.25E-03
+4.29400E+00,+31.25E-03
+4.29500E+00,+62.50E-03
+4.29600E+00,+31.25E-03
+4.29700E+00,+0.0E+00
+4.29800E+00,+31.25E-03
+4.29900E+00,+0.0E+00
+4.30000E+00,+62.50E-03
+4.30100E+00,+62.50E-03
+4.30200E+00,+31.25E-03
+4.30300E+00,+31.25E-03
+4.30400E+00,+31.25E-03
+4.30500E+00,+0.0E+00
+4.30600E+00,+62.50E-03
+4.30700E+00,+62.50E-03
+4.30800E+00,+62.50E-03
+4.30900E+00,+31.25E-03
+4.31000E+00,+31.25E-03
+4.31100E+00,+62.50E-03
+4.31200E+00,+31.25E-03
+4.31300E+00,+31.25E-03
+4.31400E+00,+31.25E-03
+4.31500E+00,+62.50E-03
+4.31600E+00,+0.0E+00
+4.31700E+00,+31.25E-03
+4.31800E+00,+31.25E-03
+4.31900E+00,+62.50E-03
+4.32000E+00,+31.25E-03
+4.32100E+00,+0.0E+00
+4.32200E+00,+62.50E-03
+4.32300E+00,+31.25E-03
+4.32400E+00,+31.25E-03
+4.32500E+00,+31.25E-03
+4.32600E+00,+31.25E-03
+4.32700E+00,+31.25E-03
+4.32800E+00,+31.25E-03
+4.32900E+00,+62.50E-03
+4.33000E+00,+31.25E-03
+4.33100E+00,+62.50E-03
+4.33200E+00,+31.25E-03
+4.33300E+00,+31.25E-03
+4.33400E+00,+0.0E+00
+4.33500E+00,+31.25E-03
+4.33600E+00,+0.0E+00
+4.33700E+00,+31.25E-03
+4.33800E+00,+0.0E+00
+4.33900E+00,+31.25E-03
+4.34000E+00,+31.25E-03
+4.34100E+00,+31.25E-03
+4.34200E+00,+31.25E-03
+4.34300E+00,+31.25E-03
+4.34400E+00,+31.25E-03
+4.34500E+00,+62.50E-03
+4.34600E+00,+31.25E-03
+4.34700E+00,+31.25E-03
+4.34800E+00,+31.25E-03
+4.34900E+00,+31.25E-03
+4.35000E+00,+31.25E-03
+4.35100E+00,+31.25E-03
+4.35200E+00,+0.0E+00
+4.35300E+00,+31.25E-03
+4.35400E+00,+31.25E-03
+4.35500E+00,+31.25E-03
+4.35600E+00,+31.25E-03
+4.35700E+00,+31.25E-03
+4.35800E+00,+31.25E-03
+4.35900E+00,+31.25E-03
+4.36000E+00,+31.25E-03
+4.36100E+00,+62.50E-03
+4.36200E+00,+31.25E-03
+4.36300E+00,+31.25E-03
+4.36400E+00,+31.25E-03
+4.36500E+00,+31.25E-03
+4.36600E+00,+31.25E-03
+4.36700E+00,+31.25E-03
+4.36800E+00,+31.25E-03
+4.36900E+00,+31.25E-03
+4.37000E+00,+31.25E-03
+4.37100E+00,+0.0E+00
+4.37200E+00,+0.0E+00
+4.37300E+00,+62.50E-03
+4.37400E+00,+31.25E-03
+4.37500E+00,+31.25E-03
+4.37600E+00,+62.50E-03
+4.37700E+00,+0.0E+00
+4.37800E+00,+31.25E-03
+4.37900E+00,+31.25E-03
+4.38000E+00,+0.0E+00
+4.38100E+00,+31.25E-03
+4.38200E+00,+31.25E-03
+4.38300E+00,+31.25E-03
+4.38400E+00,+31.25E-03
+4.38500E+00,+31.25E-03
+4.38600E+00,+62.50E-03
+4.38700E+00,+0.0E+00
+4.38800E+00,+31.25E-03
+4.38900E+00,+31.25E-03
+4.39000E+00,+31.25E-03
+4.39100E+00,+31.25E-03
+4.39200E+00,+31.25E-03
+4.39300E+00,+62.50E-03
+4.39400E+00,+31.25E-03
+4.39500E+00,+0.0E+00
+4.39600E+00,+62.50E-03
+4.39700E+00,+31.25E-03
+4.39800E+00,+62.50E-03
+4.39900E+00,+31.25E-03
+4.40000E+00,+31.25E-03
+4.40100E+00,+93.75E-03
+4.40200E+00,+0.0E+00
+4.40300E+00,+31.25E-03
+4.40400E+00,+31.25E-03
+4.40500E+00,+31.25E-03
+4.40600E+00,+62.50E-03
+4.40700E+00,+31.25E-03
+4.40800E+00,+62.50E-03
+4.40900E+00,+31.25E-03
+4.41000E+00,+31.25E-03
+4.41100E+00,+31.25E-03
+4.41200E+00,+31.25E-03
+4.41300E+00,+31.25E-03
+4.41400E+00,+31.25E-03
+4.41500E+00,+31.25E-03
+4.41600E+00,+31.25E-03
+4.41700E+00,+31.25E-03
+4.41800E+00,+31.25E-03
+4.41900E+00,+31.25E-03
+4.42000E+00,+0.0E+00
+4.42100E+00,+31.25E-03
+4.42200E+00,+31.25E-03
+4.42300E+00,+31.25E-03
+4.42400E+00,+31.25E-03
+4.42500E+00,+31.25E-03
+4.42600E+00,+0.0E+00
+4.42700E+00,+31.25E-03
+4.42800E+00,+31.25E-03
+4.42900E+00,+31.25E-03
+4.43000E+00,+31.25E-03
+4.43100E+00,+31.25E-03
+4.43200E+00,+62.50E-03
+4.43300E+00,+31.25E-03
+4.43400E+00,+31.25E-03
+4.43500E+00,+62.50E-03
+4.43600E+00,+31.25E-03
+4.43700E+00,+31.25E-03
+4.43800E+00,+31.25E-03
+4.43900E+00,+31.25E-03
+4.44000E+00,+31.25E-03
+4.44100E+00,+31.25E-03
+4.44200E+00,+93.75E-03
+4.44300E+00,+0.0E+00
+4.44400E+00,+0.0E+00
+4.44500E+00,+0.0E+00
+4.44600E+00,+31.25E-03
+4.44700E+00,+31.25E-03
+4.44800E+00,+0.0E+00
+4.44900E+00,+62.50E-03
+4.45000E+00,+31.25E-03
+4.45100E+00,+0.0E+00
+4.45200E+00,+31.25E-03
+4.45300E+00,+31.25E-03
+4.45400E+00,+62.50E-03
+4.45500E+00,+31.25E-03
+4.45600E+00,+31.25E-03
+4.45700E+00,+218.75E-03
+4.45800E+00,+31.25E-03
+4.45900E+00,+93.75E-03
+4.46000E+00,+62.50E-03
+4.46100E+00,+62.50E-03
+4.46200E+00,+31.25E-03
+4.46300E+00,+62.50E-03
+4.46400E+00,+31.25E-03
+4.46500E+00,+31.25E-03
+4.46600E+00,+31.25E-03
+4.46700E+00,+31.25E-03
+4.46800E+00,-312.50E-03
+4.46900E+00,+31.25E-03
+4.47000E+00,+31.25E-03
+4.47100E+00,+31.25E-03
+4.47200E+00,-3.96875E+00
+4.47300E+00,+31.25E-03
+4.47400E+00,+31.25E-03
+4.47500E+00,-156.25E-03
+4.47600E+00,+62.50E-03
+4.47700E+00,-187.50E-03
+4.47800E+00,+31.25E-03
+4.47900E+00,-62.50E-03
+4.48000E+00,+31.25E-03
+4.48100E+00,+31.25E-03
+4.48200E+00,+0.0E+00
+4.48300E+00,+62.50E-03
+4.48400E+00,+31.25E-03
+4.48500E+00,+62.50E-03
+4.48600E+00,+62.50E-03
+4.48700E+00,+31.25E-03
+4.48800E+00,+93.75E-03
+4.48900E+00,-218.75E-03
+4.49000E+00,+31.25E-03
+4.49100E+00,+62.50E-03
+4.49200E+00,+0.0E+00
+4.49300E+00,+468.75E-03
+4.49400E+00,+0.0E+00
+4.49500E+00,+31.25E-03
+4.49600E+00,+62.50E-03
+4.49700E+00,-531.25E-03
+4.49800E+00,+0.0E+00
+4.49900E+00,+125.00E-03
+4.50000E+00,-62.50E-03
+4.50100E+00,+31.25E-03
+4.50200E+00,+0.0E+00
+4.50300E+00,+31.25E-03
+4.50400E+00,+31.25E-03
+4.50500E+00,-1.84375E+00
+4.50600E+00,+62.50E-03
+4.50700E+00,+31.25E-03
+4.50800E+00,+0.0E+00
+4.50900E+00,+31.25E-03
+4.51000E+00,-2.59375E+00
+4.51100E+00,+62.50E-03
+4.51200E+00,+62.50E-03
+4.51300E+00,+62.50E-03
+4.51400E+00,+31.25E-03
+4.51500E+00,-2.31250E+00
+4.51600E+00,+31.25E-03
+4.51700E+00,+312.50E-03
+4.51800E+00,+31.25E-03
+4.51900E+00,-1.90625E+00
+4.52000E+00,+31.25E-03
+4.52100E+00,+0.0E+00
+4.52200E+00,-1.62500E+00
+4.52300E+00,+31.25E-03
+4.52400E+00,+593.75E-03
+4.52500E+00,+31.25E-03
+4.52600E+00,+0.0E+00
+4.52700E+00,+312.50E-03
+4.52800E+00,-62.50E-03
+4.52900E+00,+31.25E-03
+4.53000E+00,+31.25E-03
+4.53100E+00,+31.25E-03
+4.53200E+00,+31.25E-03
+4.53300E+00,+0.0E+00
+4.53400E+00,+31.25E-03
+4.53500E+00,+31.25E-03
+4.53600E+00,+31.25E-03
+4.53700E+00,+31.25E-03
+4.53800E+00,+0.0E+00
+4.53900E+00,+31.25E-03
+4.54000E+00,+31.25E-03
+4.54100E+00,+62.50E-03
+4.54200E+00,+31.25E-03
+4.54300E+00,+31.25E-03
+4.54400E+00,+62.50E-03
+4.54500E+00,+31.25E-03
+4.54600E+00,+31.25E-03
+4.54700E+00,-31.25E-03
+4.54800E+00,-187.50E-03
+4.54900E+00,-62.50E-03
+4.55000E+00,-31.25E-03
+4.55100E+00,-31.25E-03
+4.55200E+00,-93.75E-03
+4.55300E+00,-93.75E-03
+4.55400E+00,+31.25E-03
+4.55500E+00,+0.0E+00
+4.55600E+00,-31.25E-03
+4.55700E+00,-62.50E-03
+4.55800E+00,-62.50E-03
+4.55900E+00,+0.0E+00
+4.56000E+00,-31.25E-03
+4.56100E+00,-31.25E-03
+4.56200E+00,-62.50E-03
+4.56300E+00,+0.0E+00
+4.56400E+00,-31.25E-03
+4.56500E+00,+0.0E+00
+4.56600E+00,-31.25E-03
+4.56700E+00,-31.25E-03
+4.56800E+00,+31.25E-03
+4.56900E+00,-62.50E-03
+4.57000E+00,+31.25E-03
+4.57100E+00,-31.25E-03
+4.57200E+00,+31.25E-03
+4.57300E+00,-31.25E-03
+4.57400E+00,+0.0E+00
+4.57500E+00,+0.0E+00
+4.57600E+00,+31.25E-03
+4.57700E+00,+0.0E+00
+4.57800E+00,-62.50E-03
+4.57900E+00,-31.25E-03
+4.58000E+00,-31.25E-03
+4.58100E+00,+0.0E+00
+4.58200E+00,-62.50E-03
+4.58300E+00,-31.25E-03
+4.58400E+00,-31.25E-03
+4.58500E+00,+0.0E+00
+4.58600E+00,+0.0E+00
+4.58700E+00,+0.0E+00
+4.58800E+00,+0.0E+00
+4.58900E+00,+0.0E+00
+4.59000E+00,+62.50E-03
+4.59100E+00,+62.50E-03
+4.59200E+00,+31.25E-03
+4.59300E+00,-31.25E-03
+4.59400E+00,-31.25E-03
+4.59500E+00,+0.0E+00
+4.59600E+00,+31.25E-03
+4.59700E+00,-31.25E-03
+4.59800E+00,-62.50E-03
+4.59900E+00,-31.25E-03
+4.60000E+00,+0.0E+00
+4.60100E+00,-31.25E-03
+4.60200E+00,+31.25E-03
+4.60300E+00,-31.25E-03
+4.60400E+00,-31.25E-03
+4.60500E+00,-31.25E-03
+4.60600E+00,+0.0E+00
+4.60700E+00,+0.0E+00
+4.60800E+00,+0.0E+00
+4.60900E+00,+0.0E+00
+4.61000E+00,-31.25E-03
+4.61100E+00,-31.25E-03
+4.61200E+00,-31.25E-03
+4.61300E+00,-31.25E-03
+4.61400E+00,-31.25E-03
+4.61500E+00,-31.25E-03
+4.61600E+00,-31.25E-03
+4.61700E+00,+0.0E+00
+4.61800E+00,+31.25E-03
+4.61900E+00,+62.50E-03
+4.62000E+00,+0.0E+00
+4.62100E+00,+31.25E-03
+4.62200E+00,-31.25E-03
+4.62300E+00,-31.25E-03
+4.62400E+00,+0.0E+00
+4.62500E+00,-31.25E-03
+4.62600E+00,-31.25E-03
+4.62700E+00,+0.0E+00
+4.62800E+00,+0.0E+00
+4.62900E+00,+31.25E-03
+4.63000E+00,-31.25E-03
+4.63100E+00,+0.0E+00
+4.63200E+00,+0.0E+00
+4.63300E+00,+0.0E+00
+4.63400E+00,+0.0E+00
+4.63500E+00,+0.0E+00
+4.63600E+00,+0.0E+00
+4.63700E+00,-31.25E-03
+4.63800E+00,+0.0E+00
+4.63900E+00,-31.25E-03
+4.64000E+00,-31.25E-03
+4.64100E+00,+31.25E-03
+4.64200E+00,-62.50E-03
+4.64300E+00,+0.0E+00
+4.64400E+00,+0.0E+00
+4.64500E+00,+31.25E-03
+4.64600E+00,-62.50E-03
+4.64700E+00,-62.50E-03
+4.64800E+00,+0.0E+00
+4.64900E+00,-62.50E-03
+4.65000E+00,-31.25E-03
+4.65100E+00,-31.25E-03
+4.65200E+00,+31.25E-03
+4.65300E+00,+0.0E+00
+4.65400E+00,+0.0E+00
+4.65500E+00,-62.50E-03
+4.65600E+00,+0.0E+00
+4.65700E+00,+31.25E-03
+4.65800E+00,+0.0E+00
+4.65900E+00,+31.25E-03
+4.66000E+00,-31.25E-03
+4.66100E+00,+0.0E+00
+4.66200E+00,+0.0E+00
+4.66300E+00,+0.0E+00
+4.66400E+00,+0.0E+00
+4.66500E+00,-62.50E-03
+4.66600E+00,+0.0E+00
+4.66700E+00,+0.0E+00
+4.66800E+00,-31.25E-03
+4.66900E+00,-31.25E-03
+4.67000E+00,+0.0E+00
+4.67100E+00,+0.0E+00
+4.67200E+00,-31.25E-03
+4.67300E+00,-31.25E-03
+4.67400E+00,-31.25E-03
+4.67500E+00,-31.25E-03
+4.67600E+00,-31.25E-03
+4.67700E+00,+0.0E+00
+4.67800E+00,-31.25E-03
+4.67900E+00,-31.25E-03
+4.68000E+00,+0.0E+00
+4.68100E+00,+0.0E+00
+4.68200E+00,+62.50E-03
+4.68300E+00,+62.50E-03
+4.68400E+00,+0.0E+00
+4.68500E+00,-31.25E-03
+4.68600E+00,+0.0E+00
+4.68700E+00,+0.0E+00
+4.68800E+00,-31.25E-03
+4.68900E+00,-31.25E-03
+4.69000E+00,+31.25E-03
+4.69100E+00,+0.0E+00
+4.69200E+00,+31.25E-03
+4.69300E+00,+0.0E+00
+4.69400E+00,+0.0E+00
+4.69500E+00,+0.0E+00
+4.69600E+00,-31.25E-03
+4.69700E+00,+62.50E-03
+4.69800E+00,+31.25E-03
+4.69900E+00,+31.25E-03
+4.70000E+00,+31.25E-03
+4.70100E+00,+0.0E+00
+4.70200E+00,+0.0E+00
+4.70300E+00,-31.25E-03
+4.70400E+00,+62.50E-03
+4.70500E+00,-62.50E-03
+4.70600E+00,-31.25E-03
+4.70700E+00,+31.25E-03
+4.70800E+00,-62.50E-03
+4.70900E+00,+0.0E+00
+4.71000E+00,+0.0E+00
+4.71100E+00,-31.25E-03
+4.71200E+00,+0.0E+00
+4.71300E+00,+0.0E+00
+4.71400E+00,+0.0E+00
+4.71500E+00,-31.25E-03
+4.71600E+00,-62.50E-03
+4.71700E+00,-62.50E-03
+4.71800E+00,+0.0E+00
+4.71900E+00,+62.50E-03
+4.72000E+00,+62.50E-03
+4.72100E+00,+0.0E+00
+4.72200E+00,-31.25E-03
+4.72300E+00,+0.0E+00
+4.72400E+00,+0.0E+00
+4.72500E+00,+0.0E+00
+4.72600E+00,-31.25E-03
+4.72700E+00,+0.0E+00
+4.72800E+00,+31.25E-03
+4.72900E+00,-31.25E-03
+4.73000E+00,-31.25E-03
+4.73100E+00,+31.25E-03
+4.73200E+00,+62.50E-03
+4.73300E+00,+0.0E+00
+4.73400E+00,-62.50E-03
+4.73500E+00,+0.0E+00
+4.73600E+00,+31.25E-03
+4.73700E+00,+31.25E-03
+4.73800E+00,-31.25E-03
+4.73900E+00,-31.25E-03
+4.74000E+00,+0.0E+00
+4.74100E+00,+0.0E+00
+4.74200E+00,+0.0E+00
+4.74300E+00,+0.0E+00
+4.74400E+00,+0.0E+00
+4.74500E+00,+31.25E-03
+4.74600E+00,+31.25E-03
+4.74700E+00,+0.0E+00
+4.74800E+00,+0.0E+00
+4.74900E+00,+62.50E-03
+4.75000E+00,+0.0E+00
+4.75100E+00,-62.50E-03
+4.75200E+00,-31.25E-03
+4.75300E+00,-31.25E-03
+4.75400E+00,+31.25E-03
+4.75500E+00,-62.50E-03
+4.75600E+00,+0.0E+00
+4.75700E+00,+0.0E+00
+4.75800E+00,-31.25E-03
+4.75900E+00,+0.0E+00
+4.76000E+00,+31.25E-03
+4.76100E+00,+31.25E-03
+4.76200E+00,+0.0E+00
+4.76300E+00,+31.25E-03
+4.76400E+00,+31.25E-03
+4.76500E+00,+31.25E-03
+4.76600E+00,+31.25E-03
+4.76700E+00,+0.0E+00
+4.76800E+00,+0.0E+00
+4.76900E+00,-31.25E-03
+4.77000E+00,+0.0E+00
+4.77100E+00,+0.0E+00
+4.77200E+00,+0.0E+00
+4.77300E+00,+0.0E+00
+4.77400E+00,-31.25E-03
+4.77500E+00,+0.0E+00
+4.77600E+00,+62.50E-03
+4.77700E+00,-31.25E-03
+4.77800E+00,+0.0E+00
+4.77900E+00,-31.25E-03
+4.78000E+00,-31.25E-03
+4.78100E+00,-31.25E-03
+4.78200E+00,+31.25E-03
+4.78300E+00,+31.25E-03
+4.78400E+00,+31.25E-03
+4.78500E+00,-31.25E-03
+4.78600E+00,-31.25E-03
+4.78700E+00,+0.0E+00
+4.78800E+00,-31.25E-03
+4.78900E+00,-31.25E-03
+4.79000E+00,-31.25E-03
+4.79100E+00,+0.0E+00
+4.79200E+00,-31.25E-03
+4.79300E+00,+0.0E+00
+4.79400E+00,-62.50E-03
+4.79500E+00,+0.0E+00
+4.79600E+00,+31.25E-03
+4.79700E+00,-31.25E-03
+4.79800E+00,+31.25E-03
+4.79900E+00,-31.25E-03
+4.80000E+00,+31.25E-03
+4.80100E+00,+0.0E+00
+4.80200E+00,-62.50E-03
+4.80300E+00,+0.0E+00
+4.80400E+00,+0.0E+00
+4.80500E+00,+62.50E-03
+4.80600E+00,-31.25E-03
+4.80700E+00,+31.25E-03
+4.80800E+00,+0.0E+00
+4.80900E+00,-31.25E-03
+4.81000E+00,-31.25E-03
+4.81100E+00,+0.0E+00
+4.81200E+00,+0.0E+00
+4.81300E+00,+31.25E-03
+4.81400E+00,-31.25E-03
+4.81500E+00,+0.0E+00
+4.81600E+00,-31.25E-03
+4.81700E+00,-31.25E-03
+4.81800E+00,+0.0E+00
+4.81900E+00,+31.25E-03
+4.82000E+00,+31.25E-03
+4.82100E+00,+0.0E+00
+4.82200E+00,+0.0E+00
+4.82300E+00,+0.0E+00
+4.82400E+00,-31.25E-03
+4.82500E+00,+62.50E-03
+4.82600E+00,+0.0E+00
+4.82700E+00,+0.0E+00
+4.82800E+00,+31.25E-03
+4.82900E+00,-31.25E-03
+4.83000E+00,-62.50E-03
+4.83100E+00,-31.25E-03
+4.83200E+00,-31.25E-03
+4.83300E+00,-31.25E-03
+4.83400E+00,+31.25E-03
+4.83500E+00,-31.25E-03
+4.83600E+00,+31.25E-03
+4.83700E+00,+0.0E+00
+4.83800E+00,+0.0E+00
+4.83900E+00,-31.25E-03
+4.84000E+00,-62.50E-03
+4.84100E+00,+0.0E+00
+4.84200E+00,+0.0E+00
+4.84300E+00,+0.0E+00
+4.84400E+00,-31.25E-03
+4.84500E+00,+0.0E+00
+4.84600E+00,+31.25E-03
+4.84700E+00,+0.0E+00
+4.84800E+00,+31.25E-03
+4.84900E+00,+31.25E-03
+4.85000E+00,+0.0E+00
+4.85100E+00,-31.25E-03
+4.85200E+00,+31.25E-03
+4.85300E+00,+0.0E+00
+4.85400E+00,+0.0E+00
+4.85500E+00,+31.25E-03
+4.85600E+00,-31.25E-03
+4.85700E+00,-31.25E-03
+4.85800E+00,+31.25E-03
+4.85900E+00,+0.0E+00
+4.86000E+00,+31.25E-03
+4.86100E+00,+31.25E-03
+4.86200E+00,+0.0E+00
+4.86300E+00,+31.25E-03
+4.86400E+00,+31.25E-03
+4.86500E+00,+0.0E+00
+4.86600E+00,+0.0E+00
+4.86700E+00,+31.25E-03
+4.86800E+00,-31.25E-03
+4.86900E+00,-31.25E-03
+4.87000E+00,+0.0E+00
+4.87100E+00,+31.25E-03
+4.87200E+00,+0.0E+00
+4.87300E+00,+31.25E-03
+4.87400E+00,-31.25E-03
+4.87500E+00,-31.25E-03
+4.87600E+00,+0.0E+00
+4.87700E+00,+0.0E+00
+4.87800E+00,+31.25E-03
+4.87900E+00,+0.0E+00
+4.88000E+00,+0.0E+00
+4.88100E+00,-31.25E-03
+4.88200E+00,+0.0E+00
+4.88300E+00,+31.25E-03
+4.88400E+00,-31.25E-03
+4.88500E+00,+0.0E+00
+4.88600E+00,+0.0E+00
+4.88700E+00,+0.0E+00
+4.88800E+00,-31.25E-03
+4.88900E+00,+31.25E-03
+4.89000E+00,-31.25E-03
+4.89100E+00,+0.0E+00
+4.89200E+00,+31.25E-03
+4.89300E+00,+0.0E+00
+4.89400E+00,+0.0E+00
+4.89500E+00,+0.0E+00
+4.89600E+00,+31.25E-03
+4.89700E+00,+62.50E-03
+4.89800E+00,+0.0E+00
+4.89900E+00,-62.50E-03
+4.90000E+00,+0.0E+00
+4.90100E+00,+0.0E+00
+4.90200E+00,+0.0E+00
+4.90300E+00,-31.25E-03
+4.90400E+00,+62.50E-03
+4.90500E+00,+0.0E+00
+4.90600E+00,+0.0E+00
+4.90700E+00,+0.0E+00
+4.90800E+00,+62.50E-03
+4.90900E+00,+0.0E+00
+4.91000E+00,-31.25E-03
+4.91100E+00,-31.25E-03
+4.91200E+00,+0.0E+00
+4.91300E+00,+31.25E-03
+4.91400E+00,-31.25E-03
+4.91500E+00,+0.0E+00
+4.91600E+00,+0.0E+00
+4.91700E+00,+31.25E-03
+4.91800E+00,-31.25E-03
+4.91900E+00,-31.25E-03
+4.92000E+00,+0.0E+00
+4.92100E+00,+62.50E-03
+4.92200E+00,+0.0E+00
+4.92300E+00,+0.0E+00
+4.92400E+00,+0.0E+00
+4.92500E+00,+0.0E+00
+4.92600E+00,-62.50E-03
+4.92700E+00,-31.25E-03
+4.92800E+00,+0.0E+00
+4.92900E+00,-31.25E-03
+4.93000E+00,-31.25E-03
+4.93100E+00,+62.50E-03
+4.93200E+00,-31.25E-03
+4.93300E+00,+0.0E+00
+4.93400E+00,+31.25E-03
+4.93500E+00,-31.25E-03
+4.93600E+00,-31.25E-03
+4.93700E+00,-31.25E-03
+4.93800E+00,+0.0E+00
+4.93900E+00,+0.0E+00
+4.94000E+00,+0.0E+00
+4.94100E+00,+0.0E+00
+4.94200E+00,-62.50E-03
+4.94300E+00,+0.0E+00
+4.94400E+00,-31.25E-03
+4.94500E+00,+0.0E+00
+4.94600E+00,-31.25E-03
+4.94700E+00,+0.0E+00
+4.94800E+00,-31.25E-03
+4.94900E+00,+31.25E-03
+4.95000E+00,+0.0E+00
+4.95100E+00,+31.25E-03
+4.95200E+00,-31.25E-03
+4.95300E+00,+0.0E+00
+4.95400E+00,+31.25E-03
+4.95500E+00,-31.25E-03
+4.95600E+00,-31.25E-03
+4.95700E+00,+0.0E+00
+4.95800E+00,-31.25E-03
+4.95900E+00,-31.25E-03
+4.96000E+00,+0.0E+00
+4.96100E+00,+31.25E-03
+4.96200E+00,+0.0E+00
+4.96300E+00,-31.25E-03
+4.96400E+00,+0.0E+00
+4.96500E+00,+31.25E-03
+4.96600E+00,-31.25E-03
+4.96700E+00,+0.0E+00
+4.96800E+00,-31.25E-03
+4.96900E+00,+0.0E+00
+4.97000E+00,+0.0E+00
+4.97100E+00,-31.25E-03
+4.97200E+00,+0.0E+00
+4.97300E+00,+0.0E+00
+4.97400E+00,+0.0E+00
+4.97500E+00,+31.25E-03
